org,topic,base_score,topic_share,company_focus,hybrid_score
AMD,0,259.3270,0.0135,0.6619,259.3270
AMD,3,234.9769,0.0192,0.5997,234.9769
AMD,1,142.3891,0.0094,0.3634,142.3891
AMD,2,91.5047,0.0157,0.2336,91.5047
AMD,4,28.5025,0.0093,0.0727,28.5025
AMD,8,21.9351,0.0139,0.0560,21.9351
AMD,7,21.1227,0.0201,0.0539,21.1227
AMD,5,19.0473,0.0069,0.0486,19.0473
AMD,10,13.0557,0.0137,0.0333,13.0557
AMD,6,9.0225,0.0143,0.0230,9.0225
AMD,9,6.0766,0.0098,0.0155,6.0766
ASUS,0,68.7870,0.0036,0.6599,68.7870
ASUS,1,61.2204,0.0041,0.5873,61.2204
ASUS,3,44.3614,0.0036,0.4256,44.3614
ASUS,2,11.8747,0.0020,0.1139,11.8747
ASUS,7,11.3737,0.0108,0.1091,11.3737
ASUS,5,10.2562,0.0037,0.0984,10.2562
ASUS,4,5.3924,0.0018,0.0517,5.3924
ASUS,9,2.6043,0.0042,0.0250,2.6043
ASUS,8,2.4372,0.0015,0.0234,2.4372
ASUS,10,0.9326,0.0010,0.0089,0.9326
AUO,0,54.3417,0.0028,0.7113,54.3417
AUO,1,46.0873,0.0031,0.6033,46.0873
AUO,3,22.8739,0.0019,0.2994,22.8739
AUO,5,12.4540,0.0045,0.1630,12.4540
AUO,2,7.6836,0.0013,0.1006,7.6836
AUO,4,3.8517,0.0013,0.0504,3.8517
AUO,8,2.4372,0.0015,0.0319,2.4372
AUO,9,0.8681,0.0014,0.0114,0.8681
AUO,7,0.8124,0.0008,0.0106,0.8124
Acer,0,59.1568,0.0031,0.6640,59.1568
Acer,1,48.1509,0.0032,0.5405,48.1509
Acer,3,42.2820,0.0035,0.4746,42.2820
Acer,5,10.9888,0.0040,0.1233,10.9888
Acer,2,9.7791,0.0017,0.1098,9.7791
Acer,7,9.7489,0.0093,0.1094,9.7489
Acer,4,3.0813,0.0010,0.0346,3.0813
Acer,9,2.6043,0.0042,0.0292,2.6043
Acer,8,1.6248,0.0010,0.0182,1.6248
Acer,10,0.9326,0.0010,0.0105,0.9326
BMW,4,90.1294,0.0294,0.5484,90.1294
BMW,0,88.7352,0.0046,0.5399,88.7352
BMW,3,82.4845,0.0067,0.5019,82.4845
BMW,1,57.0932,0.0038,0.3474,57.0932
BMW,2,19.5583,0.0034,0.1190,19.5583
BMW,8,17.0606,0.0108,0.1038,17.0606
BMW,5,11.7214,0.0043,0.0713,11.7214
BMW,7,11.3737,0.0108,0.0692,11.3737
BMW,9,3.4724,0.0056,0.0211,3.4724
BMW,10,0.9326,0.0010,0.0057,0.9326
BOE,0,826.1320,0.0430,0.7248,826.1320
BOE,1,678.9278,0.0451,0.5956,678.9278
BOE,3,346.5736,0.0283,0.3041,346.5736
BOE,5,143.5874,0.0521,0.1260,143.5874
BOE,2,104.7764,0.0180,0.0919,104.7764
BOE,4,55.4643,0.0181,0.0487,55.4643
BOE,8,25.1847,0.0159,0.0221,25.1847
BOE,7,17.0606,0.0162,0.0150,17.0606
BOE,9,8.6809,0.0141,0.0076,8.6809
BOE,6,2.2556,0.0036,0.0020,2.2556
BOE,10,1.8651,0.0020,0.0016,1.8651
BYD,0,116.9379,0.0061,0.6127,116.9379
BYD,3,90.1091,0.0074,0.4722,90.1091
BYD,1,86.6716,0.0058,0.4541,86.6716
BYD,4,75.4930,0.0247,0.3956,75.4930
BYD,8,22.7475,0.0144,0.1192,22.7475
BYD,2,22.3523,0.0038,0.1171,22.3523
BYD,5,16.8495,0.0061,0.0883,16.8495
BYD,7,9.7489,0.0093,0.0511,9.7489
BYD,9,3.4724,0.0056,0.0182,3.4724
BYD,10,2.7977,0.0029,0.0147,2.7977
BYD,6,1.1278,0.0018,0.0059,1.1278
Bosch,1,2.0636,0.0001,0.7734,2.0636
Bosch,0,1.3757,0.0001,0.5156,1.3757
Bosch,2,0.6985,0.0001,0.2618,0.6985
Bosch,3,0.6931,0.0001,0.2598,0.6931
CES,0,251.0726,0.0131,0.6828,251.0726
CES,1,215.9912,0.0143,0.5874,215.9912
CES,3,135.1637,0.0110,0.3676,135.1637
CES,2,53.0867,0.0091,0.1444,53.0867
CES,5,43.9553,0.0160,0.1195,43.9553
CES,4,30.8135,0.0101,0.0838,30.8135
CES,7,29.2468,0.0278,0.0795,29.2468
CES,8,25.1847,0.0159,0.0685,25.1847
CES,9,6.0766,0.0098,0.0165,6.0766
CES,10,5.5953,0.0059,0.0152,5.5953
CSOT,0,473.9425,0.0247,0.7134,473.9425
CSOT,1,418.9129,0.0278,0.6306,418.9129
CSOT,3,172.5936,0.0141,0.2598,172.5936
CSOT,5,86.4455,0.0314,0.1301,86.4455
CSOT,2,51.6897,0.0089,0.0778,51.6897
CSOT,4,30.8135,0.0101,0.0464,30.8135
CSOT,8,12.1862,0.0077,0.0183,12.1862
CSOT,7,9.7489,0.0093,0.0147,9.7489
CSOT,9,7.8128,0.0127,0.0118,7.8128
CSOT,6,2.2556,0.0036,0.0034,2.2556
CSOT,10,1.8651,0.0020,0.0028,1.8651
Corning,0,6.1908,0.0003,0.7027,6.1908
Corning,1,4.8151,0.0003,0.5465,4.8151
Corning,3,3.4657,0.0003,0.3934,3.4657
Corning,5,1.4652,0.0005,0.1663,1.4652
Corning,2,1.3970,0.0002,0.1586,1.3970
Counterpoint,0,6.1908,0.0003,0.5808,6.1908
Counterpoint,1,5.5030,0.0004,0.5163,5.5030
Counterpoint,2,4.8896,0.0008,0.4588,4.8896
Counterpoint,3,4.1589,0.0003,0.3902,4.1589
Counterpoint,4,1.5407,0.0005,0.1446,1.5407
Counterpoint,9,0.8681,0.0014,0.0814,0.8681
Counterpoint,8,0.8124,0.0005,0.0762,0.8124
DELL,3,1.3863,0.0001,0.5946,1.3863
DELL,0,1.3757,0.0001,0.5901,1.3757
DELL,8,0.8124,0.0005,0.3485,0.8124
DELL,2,0.6985,0.0001,0.2996,0.6985
DELL,1,0.6879,0.0000,0.2950,0.6879
DSCC,1,4.8151,0.0003,0.6884,4.8151
DSCC,0,4.1272,0.0002,0.5900,4.1272
DSCC,3,2.7726,0.0002,0.3964,2.7726
DSCC,5,0.7326,0.0003,0.1047,0.7326
DSCC,2,0.6985,0.0001,0.0999,0.6985
Dell,0,69.4749,0.0036,0.6634,69.4749
Dell,1,57.0932,0.0038,0.5452,57.0932
Dell,3,48.5203,0.0040,0.4633,48.5203
Dell,2,16.0657,0.0028,0.1534,16.0657
Dell,5,10.9888,0.0040,0.1049,10.9888
Dell,7,9.7489,0.0093,0.0931,9.7489
Dell,4,6.1627,0.0020,0.0588,6.1627
Dell,9,2.6043,0.0042,0.0249,2.6043
Dell,8,2.4372,0.0015,0.0233,2.4372
Dell,10,0.9326,0.0010,0.0089,0.9326
ETRI,0,40.5843,0.0021,0.7084,40.5843
ETRI,1,27.5148,0.0018,0.4803,27.5148
ETRI,5,24.1754,0.0088,0.4220,24.1754
ETRI,3,16.6355,0.0014,0.2904,16.6355
ETRI,4,3.0813,0.0010,0.0538,3.0813
ETRI,7,1.6248,0.0015,0.0284,1.6248
ETRI,8,1.6248,0.0010,0.0284,1.6248
ETRI,10,0.9326,0.0010,0.0163,0.9326
ETRI,9,0.8681,0.0014,0.0152,0.8681
ETRI,2,0.6985,0.0001,0.0122,0.6985
HMI,0,8.9423,0.0005,0.6705,8.9423
HMI,3,8.3178,0.0007,0.6237,8.3178
HMI,1,4.8151,0.0003,0.3611,4.8151
HMI,5,1.4652,0.0005,0.1099,1.4652
HMI,2,1.3970,0.0002,0.1048,1.3970
HMI,9,0.8681,0.0014,0.0651,0.8681
HMI,8,0.8124,0.0005,0.0609,0.8124
HP,0,135.5104,0.0071,0.6740,135.5104
HP,1,118.3137,0.0079,0.5884,118.3137
HP,3,80.4051,0.0066,0.3999,80.4051
HP,5,26.3732,0.0096,0.1312,26.3732
HP,2,24.4478,0.0042,0.1216,24.4478
HP,7,16.2482,0.0154,0.0808,16.2482
HP,4,3.8517,0.0013,0.0192,3.8517
HP,9,3.4724,0.0056,0.0173,3.4724
HP,8,3.2496,0.0021,0.0162,3.2496
HP,10,1.8651,0.0020,0.0093,1.8651
HP,6,1.1278,0.0018,0.0056,1.1278
Harman,3,27.7259,0.0023,0.5950,27.7259
Harman,0,26.8269,0.0014,0.5757,26.8269
Harman,1,19.9482,0.0013,0.4281,19.9482
Harman,2,11.1761,0.0019,0.2398,11.1761
Harman,5,8.7911,0.0032,0.1887,8.7911
Harman,4,6.9330,0.0023,0.1488,6.9330
Harman,10,4.6628,0.0049,0.1001,4.6628
Harman,8,3.2496,0.0021,0.0697,3.2496
Harman,7,1.6248,0.0015,0.0349,1.6248
IEC,0,39.2086,0.0020,0.6007,39.2086
IEC,1,36.4571,0.0024,0.5586,36.4571
IEC,3,25.6464,0.0021,0.3929,25.6464
IEC,7,17.0606,0.0162,0.2614,17.0606
IEC,2,16.7642,0.0029,0.2568,16.7642
IEC,9,9.5490,0.0155,0.1463,9.5490
IEC,5,5.8607,0.0021,0.0898,5.8607
IEC,8,4.8745,0.0031,0.0747,4.8745
IEC,10,2.7977,0.0029,0.0429,2.7977
IEC,4,2.3110,0.0008,0.0354,2.3110
IEC,6,1.1278,0.0018,0.0173,1.1278
IEEE,0,6.1908,0.0003,0.6084,6.1908
IEEE,3,5.5452,0.0005,0.5449,5.5452
IEEE,1,4.8151,0.0003,0.4732,4.8151
IEEE,2,2.0955,0.0004,0.2059,2.0955
IEEE,9,1.7362,0.0028,0.1706,1.7362
IEEE,8,1.6248,0.0010,0.1597,1.6248
IEEE,7,0.8124,0.0008,0.0798,0.8124
IEEE,4,0.7703,0.0003,0.0757,0.7703
IMID,0,55.0296,0.0029,0.6512,55.0296
IMID,1,48.1509,0.0032,0.5698,48.1509
IMID,5,38.8272,0.0141,0.4595,38.8272
IMID,3,15.2492,0.0012,0.1804,15.2492
IMID,2,6.9851,0.0012,0.0827,6.9851
IMID,7,1.6248,0.0015,0.0192,1.6248
IMID,4,1.5407,0.0005,0.0182,1.5407
IMID,9,0.8681,0.0014,0.0103,0.8681
ITU,1,54.3417,0.0036,0.6779,54.3417
ITU,0,52.2781,0.0027,0.6522,52.2781
ITU,3,18.7150,0.0015,0.2335,18.7150
ITU,2,17.4627,0.0030,0.2178,17.4627
ITU,5,8.7911,0.0032,0.1097,8.7911
ITU,9,1.7362,0.0028,0.0217,1.7362
ITU,4,1.5407,0.0005,0.0192,1.5407
ITU,6,1.1278,0.0018,0.0141,1.1278
ITU,7,0.8124,0.0008,0.0101,0.8124
Innolux,0,41.2722,0.0021,0.7168,41.2722
Innolux,1,30.2663,0.0020,0.5256,30.2663
Innolux,3,22.1807,0.0018,0.3852,22.1807
Innolux,5,9.5237,0.0035,0.1654,9.5237
Innolux,4,9.2440,0.0030,0.1605,9.2440
Innolux,2,4.1911,0.0007,0.0728,4.1911
Innolux,8,2.4372,0.0015,0.0423,2.4372
Innolux,7,1.6248,0.0015,0.0282,1.6248
Innolux,10,0.9326,0.0010,0.0162,0.9326
Innolux,9,0.8681,0.0014,0.0151,0.8681
IoT,0,270.3330,0.0141,0.5958,270.3330
IoT,3,244.6810,0.0200,0.5393,244.6810
IoT,1,225.6214,0.0150,0.4973,225.6214
IoT,2,105.4749,0.0181,0.2325,105.4749
IoT,8,76.3666,0.0484,0.1683,76.3666
IoT,4,42.3685,0.0138,0.0934,42.3685
IoT,7,40.6205,0.0386,0.0895,40.6205
IoT,5,32.2339,0.0117,0.0710,32.2339
IoT,10,17.7185,0.0186,0.0391,17.7185
IoT,9,15.6256,0.0253,0.0344,15.6256
IoT,6,4.5112,0.0071,0.0099,4.5112
JDI,0,41.2722,0.0021,0.6826,41.2722
JDI,1,36.4571,0.0024,0.6029,36.4571
JDI,3,20.7944,0.0017,0.3439,20.7944
JDI,2,10.4776,0.0018,0.1733,10.4776
JDI,5,8.7911,0.0032,0.1454,8.7911
JDI,7,1.6248,0.0015,0.0269,1.6248
JDI,9,0.8681,0.0014,0.0144,0.8681
JDI,4,0.7703,0.0003,0.0127,0.7703
KAIST,0,54.3417,0.0028,0.6295,54.3417
KAIST,1,41.9601,0.0028,0.4861,41.9601
KAIST,3,40.8957,0.0033,0.4737,40.8957
KAIST,5,21.9777,0.0080,0.2546,21.9777
KAIST,2,15.3672,0.0026,0.1780,15.3672
KAIST,4,11.5551,0.0038,0.1339,11.5551
KAIST,8,11.3737,0.0072,0.1318,11.3737
KAIST,7,5.6869,0.0054,0.0659,5.6869
KAIST,10,4.6628,0.0049,0.0540,4.6628
KAIST,9,4.3404,0.0070,0.0503,4.3404
KAIST,6,3.3834,0.0054,0.0392,3.3834
LG디스플레이,0,1355.1041,0.0706,0.7155,1355.1041
LG디스플레이,1,1133.6100,0.0752,0.5986,1133.6100
LG디스플레이,3,583.6299,0.0476,0.3082,583.6299
LG디스플레이,5,265.1972,0.0963,0.1400,265.1972
LG디스플레이,2,180.2154,0.0310,0.0952,180.2154
LG디스플레이,4,124.7946,0.0408,0.0659,124.7946
LG디스플레이,7,64.1804,0.0610,0.0339,64.1804
LG디스플레이,8,33.3088,0.0211,0.0176,33.3088
LG디스플레이,10,23.3138,0.0244,0.0123,23.3138
LG디스플레이,6,19.1728,0.0304,0.0101,19.1728
LG디스플레이,9,16.4937,0.0267,0.0087,16.4937
LG전자,0,1293.1958,0.0673,0.6237,1293.1958
LG전자,1,1247.1085,0.0828,0.6015,1247.1085
LG전자,3,883.7627,0.0721,0.4262,883.7627
LG전자,2,430.9801,0.0741,0.2079,430.9801
LG전자,4,194.8952,0.0637,0.0940,194.8952
LG전자,10,158.5337,0.1660,0.0765,158.5337
LG전자,5,129.6682,0.0471,0.0625,129.6682
LG전자,8,129.1733,0.0818,0.0623,129.1733
LG전자,7,69.0549,0.0656,0.0333,69.0549
LG전자,9,47.7449,0.0774,0.0230,47.7449
LG전자,6,28.1953,0.0446,0.0136,28.1953
LG화학,3,229.4317,0.0187,0.6248,229.4317
LG화학,0,224.9335,0.0117,0.6125,224.9335
LG화학,1,153.3950,0.0102,0.4177,153.3950
LG화학,4,55.4643,0.0181,0.1510,55.4643
LG화학,2,48.8956,0.0084,0.1331,48.8956
LG화학,6,38.3456,0.0607,0.1044,38.3456
LG화학,5,27.1058,0.0098,0.0738,27.1058
LG화학,8,17.0606,0.0108,0.0465,17.0606
LG화학,7,9.7489,0.0093,0.0265,9.7489
LG화학,10,5.5953,0.0059,0.0152,5.5953
LG화학,9,1.7362,0.0028,0.0047,1.7362
MOTIE,2,0.6985,0.0001,0.5048,0.6985
MOTIE,3,0.6931,0.0001,0.5009,0.6931
MOTIE,0,0.6879,0.0000,0.4971,0.6879
MOTIE,1,0.6879,0.0000,0.4971,0.6879
MWC,0,13.7574,0.0007,0.6431,13.7574
MWC,1,10.3181,0.0007,0.4824,10.3181
MWC,3,8.3178,0.0007,0.3888,8.3178
MWC,2,7.6836,0.0013,0.3592,7.6836
MWC,8,5.6869,0.0036,0.2659,5.6869
MWC,9,0.8681,0.0014,0.0406,0.8681
MWC,5,0.7326,0.0003,0.0342,0.7326
Merck,5,3.6629,0.0013,0.5904,3.6629
Merck,0,3.4394,0.0002,0.5544,3.4394
Merck,1,3.4394,0.0002,0.5544,3.4394
Merck,9,0.8681,0.0014,0.1399,0.8681
Merck,7,0.8124,0.0008,0.1310,0.8124
SEMI,0,2.7515,0.0001,0.7282,2.7515
SEMI,3,2.0794,0.0002,0.5504,2.0794
SEMI,1,1.3757,0.0001,0.3641,1.3757
SEMI,2,0.6985,0.0001,0.1849,0.6985
SID,0,132.7589,0.0069,0.7447,132.7589
SID,1,102.4926,0.0068,0.5749,102.4926
SID,5,43.2227,0.0157,0.2425,43.2227
SID,3,36.0437,0.0029,0.2022,36.0437
SID,7,21.9351,0.0208,0.1230,21.9351
SID,2,1.3970,0.0002,0.0078,1.3970
SID,10,0.9326,0.0010,0.0052,0.9326
SK하이닉스,0,517.2783,0.0269,0.6503,517.2783
SK하이닉스,3,479.6578,0.0391,0.6030,479.6578
SK하이닉스,1,317.7960,0.0211,0.3995,317.7960
SK하이닉스,2,149.4810,0.0257,0.1879,149.4810
SK하이닉스,4,64.7083,0.0211,0.0814,64.7083
SK하이닉스,5,54.9442,0.0199,0.0691,54.9442
SK하이닉스,6,48.4959,0.0768,0.0610,48.4959
SK하이닉스,8,37.3709,0.0237,0.0470,37.3709
SK하이닉스,7,21.9351,0.0208,0.0276,21.9351
SK하이닉스,10,13.9883,0.0146,0.0176,13.9883
SK하이닉스,9,5.2085,0.0084,0.0065,5.2085
Semiconductor,0,40.5843,0.0021,0.6767,40.5843
Semiconductor,3,30.4985,0.0025,0.5085,30.4985
Semiconductor,1,26.8269,0.0018,0.4473,26.8269
Semiconductor,5,12.4540,0.0045,0.2077,12.4540
Semiconductor,2,9.0806,0.0016,0.1514,9.0806
Semiconductor,4,6.1627,0.0020,0.1028,6.1627
Semiconductor,7,4.8745,0.0046,0.0813,4.8745
Semiconductor,8,0.8124,0.0005,0.0135,0.8124
TCL,0,566.1171,0.0295,0.6961,566.1171
TCL,1,507.6482,0.0337,0.6242,507.6482
TCL,3,256.4645,0.0209,0.3154,256.4645
TCL,2,105.4749,0.0181,0.1297,105.4749
TCL,5,53.4790,0.0194,0.0658,53.4790
TCL,4,40.8279,0.0133,0.0502,40.8279
TCL,7,26.8095,0.0255,0.0330,26.8095
TCL,8,25.9971,0.0165,0.0320,25.9971
TCL,9,15.6256,0.0253,0.0192,15.6256
TCL,10,7.4604,0.0078,0.0092,7.4604
TCL,6,3.3834,0.0054,0.0042,3.3834
TSMC,0,134.8225,0.0070,0.6475,134.8225
TSMC,3,131.6980,0.0107,0.6325,131.6980
TSMC,1,73.6021,0.0049,0.3535,73.6021
TSMC,2,39.8150,0.0068,0.1912,39.8150
TSMC,4,23.1101,0.0076,0.1110,23.1101
TSMC,8,11.3737,0.0072,0.0546,11.3737
TSMC,5,10.2562,0.0037,0.0493,10.2562
TSMC,7,5.6869,0.0054,0.0273,5.6869
TSMC,9,4.3404,0.0070,0.0208,4.3404
TSMC,6,3.3834,0.0054,0.0162,3.3834
Tianma,0,65.3477,0.0034,0.7454,65.3477
Tianma,1,51.5903,0.0034,0.5885,51.5903
Tianma,3,24.2602,0.0020,0.2767,24.2602
Tianma,5,9.5237,0.0035,0.1086,9.5237
Tianma,4,6.9330,0.0023,0.0791,6.9330
Tianma,2,4.8896,0.0008,0.0558,4.8896
Tianma,9,0.8681,0.0014,0.0099,0.8681
Tianma,7,0.8124,0.0008,0.0093,0.8124
Tianma,8,0.8124,0.0005,0.0093,0.8124
Toray,0,9.6302,0.0005,0.6784,9.6302
Toray,3,6.9315,0.0006,0.4883,6.9315
Toray,1,6.1908,0.0004,0.4361,6.1908
Toray,4,3.0813,0.0010,0.2171,3.0813
Toray,2,2.7940,0.0005,0.1968,2.7940
Toray,7,1.6248,0.0015,0.1145,1.6248
Toray,6,1.1278,0.0018,0.0794,1.1278
Toray,8,0.8124,0.0005,0.0572,0.8124
Toray,5,0.7326,0.0003,0.0516,0.7326
UDC,0,22.0118,0.0011,0.7384,22.0118
UDC,1,17.1968,0.0011,0.5768,17.1968
UDC,3,8.3178,0.0007,0.2790,8.3178
UDC,5,5.8607,0.0021,0.1966,5.8607
UDC,2,2.0955,0.0004,0.0703,2.0955
UDC,4,0.7703,0.0003,0.0258,0.7703
UL,0,76.3536,0.0040,0.6592,76.3536
UL,1,71.5385,0.0047,0.6177,71.5385
UL,3,40.8957,0.0033,0.3531,40.8957
UL,2,22.3523,0.0038,0.1930,22.3523
UL,5,13.1866,0.0048,0.1139,13.1866
UL,4,8.4737,0.0028,0.0732,8.4737
UL,8,6.4993,0.0041,0.0561,6.4993
UL,9,1.7362,0.0028,0.0150,1.7362
UL,7,1.6248,0.0015,0.0140,1.6248
UL,6,1.1278,0.0018,0.0097,1.1278
V2X,0,81.1687,0.0042,0.6797,81.1687
V2X,3,66.5421,0.0054,0.5572,66.5421
V2X,1,52.9660,0.0035,0.4435,52.9660
V2X,2,16.0657,0.0028,0.1345,16.0657
V2X,5,10.9888,0.0040,0.0920,10.9888
V2X,8,6.4993,0.0041,0.0544,6.4993
V2X,4,3.8517,0.0013,0.0323,3.8517
V2X,6,1.1278,0.0018,0.0094,1.1278
V2X,9,0.8681,0.0014,0.0073,0.8681
V2X,7,0.8124,0.0008,0.0068,0.8124
Visionox,0,85.2959,0.0044,0.7255,85.2959
Visionox,1,71.5385,0.0047,0.6085,71.5385
Visionox,3,32.5779,0.0027,0.2771,32.5779
Visionox,5,16.1170,0.0059,0.1371,16.1170
Visionox,2,9.7791,0.0017,0.0832,9.7791
Visionox,4,3.0813,0.0010,0.0262,3.0813
Visionox,7,1.6248,0.0015,0.0138,1.6248
Visionox,10,0.9326,0.0010,0.0079,0.9326
Visionox,9,0.8681,0.0014,0.0074,0.8681
구글,0,478.7576,0.0249,0.6327,478.7576
구글,3,375.6858,0.0307,0.4965,375.6858
구글,1,339.8078,0.0225,0.4491,339.8078
구글,2,240.2871,0.0413,0.3175,240.2871
구글,10,108.1759,0.1133,0.1430,108.1759
구글,8,78.8038,0.0499,0.1041,78.8038
구글,4,69.3303,0.0227,0.0916,69.3303
구글,5,54.2116,0.0197,0.0716,54.2116
구글,9,46.0087,0.0745,0.0608,46.0087
구글,7,33.3088,0.0316,0.0440,33.3088
구글,6,13.5337,0.0214,0.0179,13.5337
기아,3,201.7058,0.0165,0.5617,201.7058
기아,0,196.0430,0.0102,0.5459,196.0430
기아,4,163.3114,0.0534,0.4548,163.3114
기아,1,135.5104,0.0090,0.3774,135.5104
기아,2,48.1971,0.0083,0.1342,48.1971
기아,5,36.6294,0.0133,0.1020,36.6294
기아,8,22.7475,0.0144,0.0633,22.7475
기아,7,17.8730,0.0170,0.0498,17.8730
기아,9,13.0213,0.0211,0.0363,13.0213
기아,6,9.0225,0.0143,0.0251,9.0225
기아,10,6.5279,0.0068,0.0182,6.5279
기아자동차,3,23.5670,0.0019,0.6100,23.5670
기아자동차,0,21.3240,0.0011,0.5519,21.3240
기아자동차,1,15.1331,0.0010,0.3917,15.1331
기아자동차,4,14.6364,0.0048,0.3788,14.6364
기아자동차,2,4.8896,0.0008,0.1266,4.8896
기아자동차,5,2.9304,0.0011,0.0758,2.9304
기아자동차,7,1.6248,0.0015,0.0421,1.6248
기아자동차,8,1.6248,0.0010,0.0421,1.6248
기아자동차,10,0.9326,0.0010,0.0241,0.9326
기아자동차,9,0.8681,0.0014,0.0225,0.8681
기아차,4,3.0813,0.0010,0.5874,3.0813
기아차,3,2.7726,0.0002,0.5286,2.7726
기아차,0,2.7515,0.0001,0.5245,2.7515
기아차,1,1.3757,0.0001,0.2623,1.3757
기아차,10,0.9326,0.0010,0.1778,0.9326
네이버,0,285.4661,0.0149,0.6234,285.4661
네이버,3,219.7277,0.0179,0.4798,219.7277
네이버,1,215.9912,0.0143,0.4717,215.9912
네이버,2,138.3048,0.0238,0.3020,138.3048
네이버,4,82.4260,0.0269,0.1800,82.4260
네이버,10,61.5484,0.0645,0.1344,61.5484
네이버,8,41.4329,0.0262,0.0905,41.4329
네이버,5,35.1643,0.0128,0.0768,35.1643
네이버,9,18.2299,0.0295,0.0398,18.2299
네이버,7,16.2482,0.0154,0.0355,16.2482
네이버,6,4.5112,0.0071,0.0099,4.5112
니오,0,4.1272,0.0002,0.6726,4.1272
니오,1,2.7515,0.0002,0.4484,2.7515
니오,4,2.3110,0.0008,0.3766,2.3110
니오,3,2.0794,0.0002,0.3389,2.0794
니오,5,1.4652,0.0005,0.2388,1.4652
니오,9,0.8681,0.0014,0.1415,0.8681
니오,2,0.6985,0.0001,0.1138,0.6985
도우인시스,0,2.7515,0.0001,0.7158,2.7515
도우인시스,1,2.0636,0.0001,0.5369,2.0636
도우인시스,3,1.3863,0.0001,0.3606,1.3863
도우인시스,5,0.7326,0.0003,0.1906,0.7326
도우인시스,2,0.6985,0.0001,0.1817,0.6985
두산로보틱스,3,47.8272,0.0039,0.6098,47.8272
두산로보틱스,0,45.3994,0.0024,0.5789,45.3994
두산로보틱스,1,30.9542,0.0021,0.3947,30.9542
두산로보틱스,8,17.8730,0.0113,0.2279,17.8730
두산로보틱스,2,15.3672,0.0026,0.1959,15.3672
두산로보틱스,4,13.8661,0.0045,0.1768,13.8661
두산로보틱스,6,6.7669,0.0107,0.0863,6.7669
두산로보틱스,5,6.5933,0.0024,0.0841,6.5933
두산로보틱스,7,2.4372,0.0023,0.0311,2.4372
두산로보틱스,10,0.9326,0.0010,0.0119,0.9326
디지타임스,0,13.7574,0.0007,0.6971,13.7574
디지타임스,3,9.7041,0.0008,0.4917,9.7041
디지타임스,1,9.6302,0.0006,0.4880,9.6302
디지타임스,2,2.7940,0.0005,0.1416,2.7940
디지타임스,5,2.1978,0.0008,0.1114,2.1978
디지타임스,8,0.8124,0.0005,0.0412,0.8124
딥엑스,3,2.0794,0.0002,0.6510,2.0794
딥엑스,0,2.0636,0.0001,0.6460,2.0636
딥엑스,8,0.8124,0.0005,0.2543,0.8124
딥엑스,2,0.6985,0.0001,0.2187,0.6985
딥엑스,1,0.6879,0.0000,0.2153,0.6879
레노버,0,31.6420,0.0016,0.7046,31.6420
레노버,1,27.5148,0.0018,0.6127,27.5148
레노버,3,12.4766,0.0010,0.2778,12.4766
레노버,2,5.5881,0.0010,0.1244,5.5881
레노버,5,5.1281,0.0019,0.1142,5.1281
레노버,8,4.8745,0.0031,0.1085,4.8745
레노버,4,3.8517,0.0013,0.0858,3.8517
레노버,7,2.4372,0.0023,0.0543,2.4372
레노버,9,0.8681,0.0014,0.0193,0.8681
리벨리온,0,15.8210,0.0008,0.6876,15.8210
리벨리온,1,11.6938,0.0008,0.5082,11.6938
리벨리온,3,9.0109,0.0007,0.3916,9.0109
리벨리온,2,6.2866,0.0011,0.2732,6.2866
리벨리온,4,3.0813,0.0010,0.1339,3.0813
리벨리온,5,2.1978,0.0008,0.0955,2.1978
리벨리온,7,1.6248,0.0015,0.0706,1.6248
리벨리온,8,1.6248,0.0010,0.0706,1.6248
리벨리온,6,1.1278,0.0018,0.0490,1.1278
리벨리온,9,0.8681,0.0014,0.0377,0.8681
리오토,0,6.1908,0.0003,0.5591,6.1908
리오토,4,6.1627,0.0020,0.5565,6.1627
리오토,1,5.5030,0.0004,0.4970,5.5030
리오토,2,2.7940,0.0005,0.2523,2.7940
리오토,3,2.7726,0.0002,0.2504,2.7726
리오토,5,0.7326,0.0003,0.0662,0.7326
마이크로소프트,0,215.3033,0.0112,0.6510,215.3033
마이크로소프트,3,196.1607,0.0160,0.5931,196.1607
마이크로소프트,1,131.3832,0.0087,0.3973,131.3832
마이크로소프트,2,76.1375,0.0131,0.2302,76.1375
마이크로소프트,4,24.6508,0.0081,0.0745,24.6508
마이크로소프트,8,18.6854,0.0118,0.0565,18.6854
마이크로소프트,10,13.9883,0.0146,0.0423,13.9883
마이크로소프트,5,13.1866,0.0048,0.0399,13.1866
마이크로소프트,7,11.3737,0.0108,0.0344,11.3737
마이크로소프트,9,5.2085,0.0084,0.0157,5.2085
마이크로소프트,6,2.2556,0.0036,0.0068,2.2556
메타,0,317.1081,0.0165,0.6660,317.1081
메타,3,255.0782,0.0208,0.5357,255.0782
메타,1,206.3610,0.0137,0.4334,206.3610
메타,2,118.0480,0.0203,0.2479,118.0480
메타,5,41.7576,0.0152,0.0877,41.7576
메타,8,39.8081,0.0252,0.0836,39.8081
메타,9,23.4384,0.0380,0.0492,23.4384
메타,4,20.0288,0.0065,0.0421,20.0288
메타,7,16.2482,0.0154,0.0341,16.2482
메타,10,5.5953,0.0059,0.0118,5.5953
메타,6,1.1278,0.0018,0.0024,1.1278
미디어텍,0,33.7056,0.0018,0.6677,33.7056
미디어텍,3,24.2602,0.0020,0.4806,24.2602
미디어텍,1,24.0755,0.0016,0.4769,24.0755
미디어텍,2,14.6687,0.0025,0.2906,14.6687
미디어텍,8,4.0621,0.0026,0.0805,4.0621
미디어텍,10,2.7977,0.0029,0.0554,2.7977
미디어텍,4,1.5407,0.0005,0.0305,1.5407
미디어텍,5,1.4652,0.0005,0.0290,1.4652
바이두,0,10.3181,0.0005,0.6609,10.3181
바이두,3,7.6246,0.0006,0.4884,7.6246
바이두,1,7.5666,0.0005,0.4847,7.5666
바이두,2,3.4925,0.0006,0.2237,3.4925
바이두,10,1.8651,0.0020,0.1195,1.8651
바이두,8,1.6248,0.0010,0.1041,1.6248
바이두,4,1.5407,0.0005,0.0987,1.5407
바이두,7,0.8124,0.0008,0.0520,0.8124
바이두,5,0.7326,0.0003,0.0469,0.7326
벤츠,0,38.5207,0.0020,0.5848,38.5207
벤츠,4,33.1245,0.0108,0.5029,33.1245
벤츠,3,29.1122,0.0024,0.4420,29.1122
벤츠,1,25.4512,0.0017,0.3864,25.4512
벤츠,2,12.5732,0.0022,0.1909,12.5732
벤츠,5,6.5933,0.0024,0.1001,6.5933
벤츠,8,5.6869,0.0036,0.0863,5.6869
벤츠,7,4.0621,0.0039,0.0617,4.0621
벤츠,9,2.6043,0.0042,0.0395,2.6043
벤츠,10,1.8651,0.0020,0.0283,1.8651
벤츠,6,1.1278,0.0018,0.0171,1.1278
비보,0,57.7811,0.0030,0.7196,57.7811
비보,1,41.2722,0.0027,0.5140,41.2722
비보,3,28.4190,0.0023,0.3539,28.4190
비보,2,21.6538,0.0037,0.2697,21.6538
비보,5,9.5237,0.0035,0.1186,9.5237
비보,8,4.8745,0.0031,0.0607,4.8745
비보,4,3.0813,0.0010,0.0384,3.0813
비보,10,1.8651,0.0020,0.0232,1.8651
비보,7,0.8124,0.0008,0.0101,0.8124
삼성디스플레이,0,1492.6782,0.0777,0.7161,2054.5222
삼성디스플레이,1,1269.1204,0.0842,0.6089,1746.8173
삼성디스플레이,3,565.6081,0.0462,0.2714,778.5030
삼성디스플레이,5,308.4199,0.1120,0.1480,424.5092
삼성디스플레이,2,260.5439,0.0448,0.1250,358.6126
삼성디스플레이,4,130.9573,0.0428,0.0628,180.2496
삼성디스플레이,7,64.1804,0.0610,0.0308,88.3380
삼성디스플레이,8,26.8095,0.0170,0.0129,36.9007
삼성디스플레이,10,19.5836,0.0205,0.0094,26.9548
삼성디스플레이,9,15.6256,0.0253,0.0075,21.5071
삼성디스플레이,6,12.4059,0.0196,0.0060,17.0755
삼성전자,0,3213.7292,0.1673,0.6625,3711.8572
삼성전자,1,2615.2822,0.1735,0.5392,3020.6510
삼성전자,3,1782.7745,0.1455,0.3675,2059.1046
삼성전자,2,1668.0398,0.2867,0.3439,1926.5860
삼성전자,4,376.6947,0.1231,0.0777,435.0824
삼성전자,5,339.1887,0.1231,0.0699,391.7629
삼성전자,6,258.2688,0.4089,0.0532,298.3005
삼성전자,8,197.4158,0.1250,0.0407,228.0152
삼성전자,7,140.5470,0.1335,0.0290,162.3318
삼성전자,9,106.7749,0.1730,0.0220,123.3250
삼성전자,10,85.7947,0.0898,0.0177,99.0929
샤오미,0,242.8182,0.0126,0.7013,242.8182
샤오미,1,200.1702,0.0133,0.5781,200.1702
샤오미,3,110.9035,0.0091,0.3203,110.9035
샤오미,2,73.3435,0.0126,0.2118,73.3435
샤오미,4,42.3685,0.0138,0.1224,42.3685
샤오미,5,27.1058,0.0098,0.0783,27.1058
샤오미,8,21.1227,0.0134,0.0610,21.1227
샤오미,9,10.4171,0.0169,0.0301,10.4171
샤오미,7,8.9365,0.0085,0.0258,8.9365
샤오미,10,4.6628,0.0049,0.0135,4.6628
샤오펑,4,32.3541,0.0106,0.6194,32.3541
샤오펑,0,25.4512,0.0013,0.4872,25.4512
샤오펑,1,24.0755,0.0016,0.4609,24.0755
샤오펑,3,16.6355,0.0014,0.3185,16.6355
샤오펑,2,9.7791,0.0017,0.1872,9.7791
샤오펑,8,6.4993,0.0041,0.1244,6.4993
샤오펑,5,4.3955,0.0016,0.0841,4.3955
샤오펑,7,4.0621,0.0039,0.0778,4.0621
샤오펑,9,1.7362,0.0028,0.0332,1.7362
샤오펑,10,0.9326,0.0010,0.0179,0.9326
샤프,0,46.0873,0.0024,0.7016,46.0873
샤프,1,39.8965,0.0026,0.6073,39.8965
샤프,3,20.1013,0.0016,0.3060,20.1013
샤프,5,8.7911,0.0032,0.1338,8.7911
샤프,4,8.4737,0.0028,0.1290,8.4737
샤프,2,6.2866,0.0011,0.0957,6.2866
샤프,7,2.4372,0.0023,0.0371,2.4372
샤프,10,0.9326,0.0010,0.0142,0.9326
선익시스템,0,46.7752,0.0024,0.7099,46.7752
선익시스템,1,39.2086,0.0026,0.5951,39.2086
선익시스템,3,22.1807,0.0018,0.3366,22.1807
선익시스템,5,10.2562,0.0037,0.1557,10.2562
선익시스템,4,3.0813,0.0010,0.0468,3.0813
선익시스템,2,2.7940,0.0005,0.0424,2.7940
선익시스템,10,0.9326,0.0010,0.0142,0.9326
선익시스템,8,0.8124,0.0005,0.0123,0.8124
세미파이브,0,4.8151,0.0003,0.6327,6.1315
세미파이브,1,4.1272,0.0003,0.5423,5.2556
세미파이브,3,3.4657,0.0003,0.4554,4.4133
세미파이브,2,2.0955,0.0004,0.2754,2.6684
세미파이브,9,0.8681,0.0014,0.1141,1.1054
세미파이브,5,0.7326,0.0003,0.0963,0.9329
소니,0,86.6716,0.0045,0.6778,86.6716
소니,1,74.2900,0.0049,0.5810,74.2900
소니,3,45.7477,0.0037,0.3578,45.7477
소니,2,29.3374,0.0050,0.2294,29.3374
소니,5,12.4540,0.0045,0.0974,12.4540
소니,4,10.7847,0.0035,0.0843,10.7847
소니,8,6.4993,0.0041,0.0508,6.4993
소니,10,5.5953,0.0059,0.0438,5.5953
소니,7,4.0621,0.0039,0.0318,4.0621
소니,9,1.7362,0.0028,0.0136,1.7362
아마존,0,118.3137,0.0062,0.6487,118.3137
아마존,3,111.5967,0.0091,0.6118,111.5967
아마존,1,68.0991,0.0045,0.3734,68.0991
아마존,2,38.4180,0.0066,0.2106,38.4180
아마존,4,17.7177,0.0058,0.0971,17.7177
아마존,8,11.3737,0.0072,0.0624,11.3737
아마존,9,10.4171,0.0169,0.0571,10.4171
아마존,5,8.7911,0.0032,0.0482,8.7911
아마존,7,7.3117,0.0069,0.0401,7.3117
아마존,6,3.3834,0.0054,0.0186,3.3834
아마존,10,2.7977,0.0029,0.0153,2.7977
아이씨디,0,29.5784,0.0015,0.6655,29.5784
아이씨디,3,24.9533,0.0020,0.5615,24.9533
아이씨디,1,19.9482,0.0013,0.4489,19.9482
아이씨디,5,7.3259,0.0027,0.1648,7.3259
아이씨디,4,4.6220,0.0015,0.1040,4.6220
아이씨디,7,1.6248,0.0015,0.0366,1.6248
아이씨디,2,1.3970,0.0002,0.0314,1.3970
알파벳,3,90.1091,0.0074,0.6907,90.1091
알파벳,0,83.9202,0.0044,0.6432,83.9202
알파벳,1,34.3935,0.0023,0.2636,34.3935
알파벳,2,21.6538,0.0037,0.1660,21.6538
알파벳,7,9.7489,0.0093,0.0747,9.7489
알파벳,4,9.2440,0.0030,0.0709,9.2440
알파벳,8,4.8745,0.0031,0.0374,4.8745
알파벳,5,1.4652,0.0005,0.0112,1.4652
알파벳,10,0.9326,0.0010,0.0071,0.9326
애플,0,1372.9888,0.0715,0.6898,2059.4831
애플,1,998.0995,0.0662,0.5015,1497.1493
애플,3,876.8312,0.0716,0.4405,1315.2468
애플,2,456.8250,0.0785,0.2295,685.2375
애플,5,181.6821,0.0660,0.0913,272.5231
애플,4,172.5554,0.0564,0.0867,258.8332
애플,10,136.1525,0.1426,0.0684,204.2287
애플,8,124.2988,0.0787,0.0624,186.4482
애플,9,58.1619,0.0942,0.0292,87.2429
애플,7,47.9322,0.0455,0.0241,71.8983
애플,6,19.1728,0.0304,0.0096,28.7592
엔비디아,0,442.9884,0.0231,0.6548,442.9884
엔비디아,3,410.3431,0.0335,0.6065,410.3431
엔비디아,1,253.8241,0.0168,0.3752,253.8241
엔비디아,2,150.1795,0.0258,0.2220,150.1795
엔비디아,4,52.3829,0.0171,0.0774,52.3829
엔비디아,8,33.3088,0.0211,0.0492,33.3088
엔비디아,5,29.3036,0.0106,0.0433,29.3036
엔비디아,7,24.3723,0.0231,0.0360,24.3723
엔비디아,10,18.6510,0.0195,0.0276,18.6510
엔비디아,6,16.9172,0.0268,0.0250,16.9172
엔비디아,9,13.0213,0.0211,0.0192,13.0213
오포,0,71.5385,0.0037,0.6981,71.5385
오포,1,57.7811,0.0038,0.5638,57.7811
오포,3,33.2711,0.0027,0.3246,33.2711
오포,2,24.4478,0.0042,0.2386,24.4478
오포,5,14.6518,0.0053,0.1430,14.6518
오포,8,8.9365,0.0057,0.0872,8.9365
오포,4,5.3924,0.0018,0.0526,5.3924
오포,7,4.0621,0.0039,0.0396,4.0621
오포,10,0.9326,0.0010,0.0091,0.9326
오포,9,0.8681,0.0014,0.0085,0.8681
원익IPS,0,61.2204,0.0032,0.6468,61.2204
원익IPS,3,56.1449,0.0046,0.5932,56.1449
원익IPS,1,40.5843,0.0027,0.4288,40.5843
원익IPS,2,12.5732,0.0022,0.1328,12.5732
원익IPS,5,10.9888,0.0040,0.1161,10.9888
원익IPS,8,9.7489,0.0062,0.1030,9.7489
원익IPS,4,5.3924,0.0018,0.0570,5.3924
원익IPS,6,2.2556,0.0036,0.0238,2.2556
원익IPS,9,1.7362,0.0028,0.0183,1.7362
원익IPS,7,0.8124,0.0008,0.0086,0.8124
인텔,0,246.9454,0.0129,0.6710,246.9454
인텔,3,192.0018,0.0157,0.5217,192.0018
인텔,1,175.4069,0.0116,0.4766,175.4069
인텔,2,61.4688,0.0106,0.1670,61.4688
인텔,5,36.6294,0.0133,0.0995,36.6294
인텔,7,24.3723,0.0231,0.0662,24.3723
인텔,4,23.1101,0.0076,0.0628,23.1101
인텔,8,21.9351,0.0139,0.0596,21.9351
인텔,9,8.6809,0.0141,0.0236,8.6809
인텔,6,4.5112,0.0071,0.0123,4.5112
인텔,10,2.7977,0.0029,0.0076,2.7977
카카오,0,120.3773,0.0063,0.5152,120.3773
카카오,3,118.5282,0.0097,0.5073,118.5282
카카오,10,111.9062,0.1172,0.4790,111.9062
카카오,1,92.1746,0.0061,0.3945,92.1746
카카오,2,57.9763,0.0100,0.2482,57.9763
카카오,4,29.2728,0.0096,0.1253,29.2728
카카오,8,20.3103,0.0129,0.0869,20.3103
카카오,5,16.8495,0.0061,0.0721,16.8495
카카오,9,6.9447,0.0113,0.0297,6.9447
카카오,7,6.4993,0.0062,0.0278,6.4993
카카오,6,4.5112,0.0071,0.0193,4.5112
퀄컴,0,251.0726,0.0131,0.5965,251.0726
퀄컴,3,205.8647,0.0168,0.4891,205.8647
퀄컴,1,182.9735,0.0121,0.4347,182.9735
퀄컴,2,136.9078,0.0235,0.3252,136.9078
퀄컴,8,127.5485,0.0808,0.3030,127.5485
퀄컴,4,36.9762,0.0121,0.0878,36.9762
퀄컴,5,30.0361,0.0109,0.0714,30.0361
퀄컴,9,23.4384,0.0380,0.0557,23.4384
퀄컴,7,16.2482,0.0154,0.0386,16.2482
퀄컴,10,13.9883,0.0146,0.0332,13.9883
퀄컴,6,1.1278,0.0018,0.0027,1.1278
텐센트,0,19.9482,0.0010,0.6973,19.9482
텐센트,1,14.4453,0.0010,0.5049,14.4453
텐센트,3,12.4766,0.0010,0.4361,12.4766
텐센트,2,4.8896,0.0008,0.1709,4.8896
텐센트,8,4.0621,0.0026,0.1420,4.0621
텐센트,4,3.0813,0.0010,0.1077,3.0813
텐센트,10,1.8651,0.0020,0.0652,1.8651
텐센트,5,1.4652,0.0005,0.0512,1.4652
텐센트,7,0.8124,0.0008,0.0284,0.8124
폭스바겐,3,94.9612,0.0078,0.6201,94.9612
폭스바겐,0,79.7929,0.0042,0.5211,79.7929
폭스바겐,4,67.0193,0.0219,0.4377,67.0193
폭스바겐,1,55.0296,0.0037,0.3594,55.0296
폭스바겐,2,14.6687,0.0025,0.0958,14.6687
폭스바겐,8,14.6234,0.0093,0.0955,14.6234
폭스바겐,7,7.3117,0.0069,0.0477,7.3117
폭스바겐,5,6.5933,0.0024,0.0431,6.5933
폭스바겐,10,3.7302,0.0039,0.0244,3.7302
폭스바겐,9,1.7362,0.0028,0.0113,1.7362
폭스바겐,6,1.1278,0.0018,0.0074,1.1278
하이센스,0,349.4380,0.0182,0.6793,349.4380
하이센스,1,335.6806,0.0223,0.6525,335.6806
하이센스,3,149.0266,0.0122,0.2897,149.0266
하이센스,2,71.2479,0.0122,0.1385,71.2479
하이센스,4,33.1245,0.0108,0.0644,33.1245
하이센스,5,27.1058,0.0098,0.0527,27.1058
하이센스,7,21.1227,0.0201,0.0411,21.1227
하이센스,9,11.2852,0.0183,0.0219,11.2852
하이센스,8,10.5613,0.0067,0.0205,10.5613
하이센스,10,6.5279,0.0068,0.0127,6.5279
하이얼,0,77.7293,0.0040,0.6831,77.7293
하이얼,1,67.4113,0.0045,0.5924,67.4113
하이얼,3,45.0546,0.0037,0.3959,45.0546
하이얼,2,14.6687,0.0025,0.1289,14.6687
하이얼,7,6.4993,0.0062,0.0571,6.4993
하이얼,4,6.1627,0.0020,0.0542,6.1627
하이얼,5,5.1281,0.0019,0.0451,5.1281
하이얼,8,3.2496,0.0021,0.0286,3.2496
한미반도체,3,87.3365,0.0071,0.6439,87.3365
한미반도체,0,83.9202,0.0044,0.6187,83.9202
한미반도체,1,50.9024,0.0034,0.3753,50.9024
한미반도체,2,24.4478,0.0042,0.1802,24.4478
한미반도체,8,16.2482,0.0103,0.1198,16.2482
한미반도체,5,12.4540,0.0045,0.0918,12.4540
한미반도체,4,8.4737,0.0028,0.0625,8.4737
한미반도체,10,5.5953,0.0059,0.0413,5.5953
한미반도체,9,3.4724,0.0056,0.0256,3.4724
한미반도체,7,1.6248,0.0015,0.0120,1.6248
한미반도체,6,1.1278,0.0018,0.0083,1.1278
한화,0,207.0489,0.0108,0.6814,207.0489
한화,3,168.4348,0.0137,0.5544,168.4348
한화,1,129.3196,0.0086,0.4256,129.3196
한화,2,40.5135,0.0070,0.1333,40.5135
한화,6,31.5787,0.0500,0.1039,31.5787
한화,4,24.6508,0.0081,0.0811,24.6508
한화,5,18.3147,0.0066,0.0603,18.3147
한화,7,16.2482,0.0154,0.0535,16.2482
한화,9,13.8894,0.0225,0.0457,13.8894
한화,8,13.8110,0.0087,0.0455,13.8110
한화,10,11.1906,0.0117,0.0368,11.1906
한화솔루션,0,25.4512,0.0013,0.6533,25.4512
한화솔루션,3,24.9533,0.0020,0.6405,24.9533
한화솔루션,1,14.4453,0.0010,0.3708,14.4453
한화솔루션,5,5.8607,0.0021,0.1504,5.8607
한화솔루션,4,1.5407,0.0005,0.0395,1.5407
한화솔루션,6,1.1278,0.0018,0.0290,1.1278
한화솔루션,2,0.6985,0.0001,0.0179,0.6985
한화시스템,3,114.3693,0.0093,0.6540,114.3693
한화시스템,0,99.7412,0.0052,0.5703,99.7412
한화시스템,1,69.4749,0.0046,0.3973,69.4749
한화시스템,2,31.4329,0.0054,0.1797,31.4329
한화시스템,4,30.0431,0.0098,0.1718,30.0431
한화시스템,5,19.0473,0.0069,0.1089,19.0473
한화시스템,8,17.8730,0.0113,0.1022,17.8730
한화시스템,9,8.6809,0.0141,0.0496,8.6809
한화시스템,7,6.4993,0.0062,0.0372,6.4993
한화시스템,6,5.6391,0.0089,0.0322,5.6391
한화시스템,10,2.7977,0.0029,0.0160,2.7977
현대모비스,3,162.8896,0.0133,0.6645,246.7126
현대모비스,0,142.3891,0.0074,0.5809,215.6626
현대모비스,1,92.1746,0.0061,0.3760,139.6076
현대모비스,4,46.9905,0.0154,0.1917,71.1719
현대모비스,2,31.4329,0.0054,0.1282,47.6083
현대모비스,8,27.6220,0.0175,0.1127,41.8362
현대모비스,5,24.9080,0.0090,0.1016,37.7257
현대모비스,6,10.1503,0.0161,0.0414,15.3736
현대모비스,7,8.9365,0.0085,0.0365,13.5352
현대모비스,10,3.7302,0.0039,0.0152,5.6498
현대모비스,9,0.8681,0.0014,0.0035,1.3148
현대자동차,3,189.9223,0.0155,0.6074,189.9223
현대자동차,0,169.9039,0.0088,0.5434,169.9039
현대자동차,1,122.4409,0.0081,0.3916,122.4409
현대자동차,4,110.1582,0.0360,0.3523,110.1582
현대자동차,2,52.3882,0.0090,0.1675,52.3882
현대자동차,5,39.5598,0.0144,0.1265,39.5598
현대자동차,8,30.0592,0.0190,0.0961,30.0592
현대자동차,7,19.4979,0.0185,0.0624,19.4979
현대자동차,10,10.2581,0.0107,0.0328,10.2581
현대자동차,6,2.2556,0.0036,0.0072,2.2556
현대자동차,9,1.7362,0.0028,0.0056,1.7362
현대차,3,393.0145,0.0321,0.5444,407.9490
현대차,0,383.8315,0.0200,0.5317,398.4171
현대차,4,353.5846,0.1155,0.4898,367.0208
현대차,1,262.0785,0.0174,0.3630,272.0375
현대차,2,111.7615,0.0192,0.1548,116.0084
현대차,5,89.3758,0.0324,0.1238,92.7721
현대차,8,47.9322,0.0303,0.0664,49.7537
현대차,6,41.7290,0.0661,0.0578,43.3147
현대차,7,24.3723,0.0231,0.0338,25.2985
현대차,10,18.6510,0.0195,0.0258,19.3598
현대차,9,16.4937,0.0267,0.0228,17.1204
화웨이,0,144.4527,0.0075,0.6966,144.4527
화웨이,1,103.8684,0.0069,0.5009,103.8684
화웨이,3,90.1091,0.0074,0.4346,90.1091
화웨이,2,46.1016,0.0079,0.2223,46.1016
화웨이,5,21.9777,0.0080,0.1060,21.9777
화웨이,4,16.9474,0.0055,0.0817,16.9474
화웨이,7,12.9986,0.0123,0.0627,12.9986
화웨이,8,10.5613,0.0067,0.0509,10.5613
화웨이,6,4.5112,0.0071,0.0218,4.5112
화웨이,10,3.7302,0.0039,0.0180,3.7302
화웨이,9,3.4724,0.0056,0.0167,3.4724
