date,signal_article_count,meta_article_count
2025-10-28,535,602
2025-10-31,540,608
2025-11-01,540,594
2025-11-02,463,507
2025-11-03,355,395
2025-11-04,441,490
2025-11-05,518,600
2025-11-06,514,550
2025-11-07,508,547
2025-11-08,542,618
2025-11-09,466,534
2025-11-10,309,366
2025-11-11,457,522
2025-11-12,526,598
2025-11-13,509,582
2025-11-14,563,613
2025-11-16,420,478
2025-11-17,359,401
2025-11-18,505,528
2025-11-19,524,588
2025-11-20,432,485
2025-11-21,484,526
2025-11-22,523,572
2025-11-23,451,484
2025-11-24,322,343
2025-11-25,415,443
2025-11-26,498,548
2025-11-27,512,550
2025-11-28,515,559
2025-11-29,510,566
2025-11-30,444,498
2025-12-01,313,334
2025-12-02,441,467
2025-12-03,491,526
2025-12-04,499,548
2025-12-05,479,537
2025-12-06,505,560
2025-12-07,400,442
2025-12-08,333,365
2025-12-09,414,458
2025-12-10,473,516
2025-12-11,533,578
2025-12-12,512,590
2025-12-13,491,553
2025-12-14,420,464
2025-12-15,356,386
2025-12-16,435,483
2025-12-17,505,545
2025-12-18,462,495
2025-12-19,550,614
2025-12-20,523,591
2025-12-21,397,464
2025-12-22,293,314
2025-12-23,437,463
2025-12-24,448,493
2025-12-25,458,513
2025-12-26,426,453
2025-12-27,443,484
2025-12-28,407,449
2025-12-29,352,383
2025-12-30,429,462
2025-12-31,461,507
2026-01-01,438,484
2026-01-02,390,416
2026-01-03,455,505
2026-01-04,420,459
2026-01-05,365,392
2026-01-06,546,595
2026-01-07,529,556
2026-01-08,572,598
2026-01-09,560,602
2026-01-10,529,579
2026-01-11,418,466
2026-01-12,422,455
2026-01-13,501,583
2026-01-14,522,593
2026-01-15,524,555
2026-01-16,469,534
2026-01-17,474,532
2026-01-18,389,452
2026-01-19,315,346
2026-01-20,412,446
2026-01-21,495,537
2026-01-22,505,568
2026-01-23,464,534
2026-01-24,517,584
2026-01-25,391,449
2026-01-26,348,378
2026-01-27,427,454
2026-01-28,449,496
2026-01-29,478,510
2026-01-30,587,621
2026-01-31,507,555
2026-02-01,360,402
2026-02-02,365,394
2026-02-04,508,557
2026-02-05,507,573
2026-02-06,507,559
2026-02-07,508,558
2026-02-08,404,457
2026-02-09,329,364
2026-02-10,421,464
2026-02-11,458,517
2026-02-12,490,545
2026-02-13,468,509
2026-02-14,484,529
2026-02-15,406,449
2026-02-16,290,323
2026-02-17,273,313
2026-02-18,282,321
2026-02-19,349,375
2026-02-20,468,497
2026-02-21,535,554
2026-02-22,449,467
2026-02-23,377,385
2026-02-24,440,479
2026-02-25,531,583
2026-02-26,499,538
2026-02-27,541,576
2026-02-28,586,616
2026-03-01,434,471
2026-03-02,335,355
2026-03-03,351,371
2026-03-04,463,496
2026-03-05,528,569
2026-03-06,498,539
2026-03-07,481,524
2026-03-08,392,432
2026-03-09,356,381
2026-03-10,476,533
2026-03-11,550,583
2026-03-12,501,544
2026-03-13,479,550
2026-03-15,399,437
2026-03-16,315,337
2026-03-17,406,441
2026-03-18,485,540
2026-03-19,522,573
2026-03-20,540,578
2026-03-21,513,559
2026-03-22,389,439
2026-03-23,331,364
2026-03-24,455,483
2026-03-25,517,577
2026-03-26,555,606
2026-03-27,551,590
2026-03-28,586,631
2026-03-29,414,453
2026-03-30,336,359
2026-03-31,405,452
2026-04-01,456,512
2026-04-02,488,534
2026-04-03,499,541
2026-04-04,463,500
2026-04-05,372,407
2026-04-06,268,298
2026-04-07,423,459
2026-04-08,511,543
2026-04-09,555,593
2026-04-10,471,524
2026-04-11,463,518
2026-04-12,357,398
2026-04-13,266,298
2026-04-14,399,438
2026-04-15,486,541
2026-04-16,478,513
2026-04-17,484,525
2026-04-18,505,557
2026-04-19,413,449
2026-04-20,343,364
2026-04-21,475,503
2026-04-22,509,545
2026-04-23,494,528
2026-04-24,482,519
2026-04-25,450,496
2026-04-26,394,441
2026-04-27,322,351
2026-04-28,409,437
2026-04-29,503,548
2026-04-30,548,594
2026-05-01,570,611
2026-05-02,545,587
2026-05-03,340,365
2026-05-04,313,342
2026-05-05,398,429
2026-05-06,433,475
2026-05-07,439,487
2026-05-08,497,528
2026-05-09,519,548
2026-05-11,283,305
2026-05-12,441,468
2026-05-13,527,562
2026-05-14,461,513
2026-05-15,489,536
2026-05-16,531,575
2026-05-17,442,479
2026-05-18,315,341
2026-05-20,515,567
2026-05-21,540,584
2026-05-22,544,584
2026-05-23,474,510
2026-05-24,368,413
2026-05-25,302,338
2026-05-26,345,361
2026-05-27,447,481
2026-05-28,520,572
2026-05-29,494,532
2026-05-30,490,530
2026-05-31,408,444
2026-06-01,359,391
2026-06-02,496,523
2026-06-03,510,550
2026-06-04,435,475
2026-06-05,474,506
2026-06-06,532,565
2026-06-07,400,424
2026-06-08,327,350
2026-06-09,451,493
2026-06-10,495,559
2026-06-11,476,516
2026-06-12,481,510
2026-06-13,475,508
2026-06-14,370,399
2026-06-15,348,367
2026-06-16,489,509
2026-06-17,529,563
2026-06-18,533,559
2026-06-19,530,574
2026-06-20,502,551
2026-06-21,390,432
2026-06-22,299,327
2026-06-23,423,472
2026-06-24,505,566
2026-06-25,517,546
2026-06-26,494,524
2026-06-27,470,502
2026-06-28,385,415
2026-06-29,346,371
2026-06-30,440,487
2026-07-01,494,535
2026-07-02,497,539
2026-07-03,559,597
2026-07-04,577,616
2026-07-05,409,436
2026-07-06,296,324
2026-07-07,454,471
2026-07-08,530,560
2026-07-09,550,588
2026-07-10,504,552
2026-07-11,481,515
2026-07-13,306,322
2026-07-14,399,441
2026-07-15,470,516
2026-07-16,482,515
2026-07-17,483,514
2026-07-18,425,446
2026-07-19,306,319
2026-07-20,317,339
2026-07-21,444,469
2026-07-22,449,478
2026-07-23,501,532
2026-07-24,551,579
2026-07-25,501,538
2026-07-26,436,464
2026-07-27,344,364
2026-07-28,439,485
2026-07-29,500,543
2026-07-30,495,526
2026-07-31,500,545
2026-08-01,529,561
2026-08-02,418,438
2026-08-03,332,341
2026-08-04,409,454
2026-08-05,469,508
2026-08-06,457,499
2026-08-07,488,516
2026-08-08,437,457
2026-08-09,374,392
2026-08-10,312,327
2026-08-11,440,469
2026-08-12,496,542
2026-08-13,487,530
2026-08-14,490,525
2026-08-15,513,535
2026-08-16,471,489
2026-08-17,287,312
2026-08-18,338,356
2026-08-19,458,504
2026-08-20,546,598
2026-08-21,534,576
2026-08-22,466,498
2026-08-23,378,400
2026-08-24,318,334
2026-08-25,401,428
2026-08-26,491,528
2026-08-27,505,550
2026-08-28,510,577
2026-08-29,473,523
2026-08-30,391,428
